Roll,Name,Age,Address,Subject,First_Terminal,Second_Terminal,Third_Terminal,Average_Marks
1,Clinton King,15,Dillonfort,Nepali,93,76,89,86.0
1,Clinton King,15,Dillonfort,Math,99,85,75,86.33333333333333
1,Clinton King,15,Dillonfort,English,66,72,66,68.0
1,Clinton King,15,Dillonfort,Science,57,63,83,67.66666666666667
1,Clinton King,15,Dillonfort,History,82,61,63,68.66666666666667
1,Clinton King,15,Dillonfort,Geography,53,51,84,62.666666666666664
1,Clinton King,15,Dillonfort,Computer,57,85,85,75.66666666666667
1,Clinton King,15,Dillonfort,Grammer,71,58,58,62.333333333333336
2,Patrick Smith,18,Perrystad,Nepali,81,55,82,72.66666666666667
2,Patrick Smith,18,Perrystad,Math,78,92,87,85.66666666666667
2,Patrick Smith,18,Perrystad,English,53,94,70,72.33333333333333
2,Patrick Smith,18,Perrystad,Science,98,56,61,71.66666666666667
2,Patrick Smith,18,Perrystad,History,86,59,75,73.33333333333333
2,Patrick Smith,18,Perrystad,Geography,71,85,86,80.66666666666667
2,Patrick Smith,18,Perrystad,Computer,50,90,56,65.33333333333333
2,Patrick Smith,18,Perrystad,Grammer,93,63,55,70.33333333333333
3,Lisa Williams,15,South Vincent,Nepali,82,78,77,79.0
3,Lisa Williams,15,South Vincent,Math,83,94,65,80.66666666666667
3,Lisa Williams,15,South Vincent,English,69,99,80,82.66666666666667
3,Lisa Williams,15,South Vincent,Science,80,59,60,66.33333333333333
3,Lisa Williams,15,South Vincent,History,52,67,66,61.666666666666664
3,Lisa Williams,15,South Vincent,Geography,94,72,71,79.0
3,Lisa Williams,15,South Vincent,Computer,95,68,75,79.33333333333333
3,Lisa Williams,15,South Vincent,Grammer,57,82,84,74.33333333333333
4,Dr. Joseph Adams DDS,15,North Staceyshire,Nepali,94,90,82,88.66666666666667
4,Dr. Joseph Adams DDS,15,North Staceyshire,Math,52,61,84,65.66666666666667
4,Dr. Joseph Adams DDS,15,North Staceyshire,English,69,61,74,68.0
4,Dr. Joseph Adams DDS,15,North Staceyshire,Science,68,50,77,65.0
4,Dr. Joseph Adams DDS,15,North Staceyshire,History,67,65,99,77.0
4,Dr. Joseph Adams DDS,15,North Staceyshire,Geography,98,65,97,86.66666666666667
4,Dr. Joseph Adams DDS,15,North Staceyshire,Computer,57,65,98,73.33333333333333
4,Dr. Joseph Adams DDS,15,North Staceyshire,Grammer,81,53,90,74.66666666666667
5,Jessica Fields,18,East Arthurfurt,Nepali,60,65,99,74.66666666666667
5,Jessica Fields,18,East Arthurfurt,Math,79,81,99,86.33333333333333
5,Jessica Fields,18,East Arthurfurt,English,69,95,72,78.66666666666667
5,Jessica Fields,18,East Arthurfurt,Science,65,95,83,81.0
5,Jessica Fields,18,East Arthurfurt,History,86,92,53,77.0
5,Jessica Fields,18,East Arthurfurt,Geography,52,60,73,61.666666666666664
5,Jessica Fields,18,East Arthurfurt,Computer,86,69,86,80.33333333333333
5,Jessica Fields,18,East Arthurfurt,Grammer,88,94,72,84.66666666666667
6,Charles Weber,16,Port Theresa,Nepali,71,97,74,80.66666666666667
6,Charles Weber,16,Port Theresa,Math,86,59,53,66.0
6,Charles Weber,16,Port Theresa,English,70,78,94,80.66666666666667
6,Charles Weber,16,Port Theresa,Science,76,83,69,76.0
6,Charles Weber,16,Port Theresa,History,97,53,54,68.0
6,Charles Weber,16,Port Theresa,Geography,52,61,99,70.66666666666667
6,Charles Weber,16,Port Theresa,Computer,77,74,59,70.0
6,Charles Weber,16,Port Theresa,Grammer,50,60,80,63.333333333333336
7,Kent Lucas,17,Brownmouth,Nepali,71,57,73,67.0
7,Kent Lucas,17,Brownmouth,Math,54,52,100,68.66666666666667
7,Kent Lucas,17,Brownmouth,English,78,89,87,84.66666666666667
7,Kent Lucas,17,Brownmouth,Science,58,71,93,74.0
7,Kent Lucas,17,Brownmouth,History,80,64,79,74.33333333333333
7,Kent Lucas,17,Brownmouth,Geography,80,63,94,79.0
7,Kent Lucas,17,Brownmouth,Computer,58,82,64,68.0
7,Kent Lucas,17,Brownmouth,Grammer,71,92,70,77.66666666666667
8,Joseph Jordan,16,Moraland,Nepali,82,60,97,79.66666666666667
8,Joseph Jordan,16,Moraland,Math,85,60,76,73.66666666666667
8,Joseph Jordan,16,Moraland,English,98,50,62,70.0
8,Joseph Jordan,16,Moraland,Science,99,70,76,81.66666666666667
8,Joseph Jordan,16,Moraland,History,51,62,82,65.0
8,Joseph Jordan,16,Moraland,Geography,72,100,93,88.33333333333333
8,Joseph Jordan,16,Moraland,Computer,79,66,94,79.66666666666667
8,Joseph Jordan,16,Moraland,Grammer,70,65,76,70.33333333333333
9,Jennifer Hansen,16,South Darrenshire,Nepali,96,50,95,80.33333333333333
9,Jennifer Hansen,16,South Darrenshire,Math,59,86,63,69.33333333333333
9,Jennifer Hansen,16,South Darrenshire,English,72,88,61,73.66666666666667
9,Jennifer Hansen,16,South Darrenshire,Science,91,68,85,81.33333333333333
9,Jennifer Hansen,16,South Darrenshire,History,70,70,79,73.0
9,Jennifer Hansen,16,South Darrenshire,Geography,100,99,72,90.33333333333333
9,Jennifer Hansen,16,South Darrenshire,Computer,95,55,97,82.33333333333333
9,Jennifer Hansen,16,South Darrenshire,Grammer,83,56,56,65.0
10,Theodore Murphy,16,Chasefurt,Nepali,84,84,91,86.33333333333333
10,Theodore Murphy,16,Chasefurt,Math,62,75,62,66.33333333333333
10,Theodore Murphy,16,Chasefurt,English,50,82,97,76.33333333333333
10,Theodore Murphy,16,Chasefurt,Science,92,74,51,72.33333333333333
10,Theodore Murphy,16,Chasefurt,History,94,97,87,92.66666666666667
10,Theodore Murphy,16,Chasefurt,Geography,75,91,97,87.66666666666667
10,Theodore Murphy,16,Chasefurt,Computer,70,86,59,71.66666666666667
10,Theodore Murphy,16,Chasefurt,Grammer,69,52,74,65.0
11,John Thomas,15,Markmouth,Nepali,63,65,72,66.66666666666667
11,John Thomas,15,Markmouth,Math,80,93,73,82.0
11,John Thomas,15,Markmouth,English,91,51,72,71.33333333333333
11,John Thomas,15,Markmouth,Science,71,90,94,85.0
11,John Thomas,15,Markmouth,History,60,64,72,65.33333333333333
11,John Thomas,15,Markmouth,Geography,69,97,85,83.66666666666667
11,John Thomas,15,Markmouth,Computer,68,63,54,61.666666666666664
11,John Thomas,15,Markmouth,Grammer,82,63,67,70.66666666666667
12,Brooke Thompson,16,North Brian,Nepali,53,65,60,59.333333333333336
12,Brooke Thompson,16,North Brian,Math,68,86,80,78.0
12,Brooke Thompson,16,North Brian,English,72,63,56,63.666666666666664
12,Brooke Thompson,16,North Brian,Science,90,72,61,74.33333333333333
12,Brooke Thompson,16,North Brian,History,88,86,76,83.33333333333333
12,Brooke Thompson,16,North Brian,Geography,83,87,66,78.66666666666667
12,Brooke Thompson,16,North Brian,Computer,57,81,66,68.0
12,Brooke Thompson,16,North Brian,Grammer,97,83,80,86.66666666666667
13,Jennifer Miller,17,Port Billyton,Nepali,55,59,75,63.0
13,Jennifer Miller,17,Port Billyton,Math,97,72,78,82.33333333333333
13,Jennifer Miller,17,Port Billyton,English,94,72,93,86.33333333333333
13,Jennifer Miller,17,Port Billyton,Science,100,75,58,77.66666666666667
13,Jennifer Miller,17,Port Billyton,History,94,91,53,79.33333333333333
13,Jennifer Miller,17,Port Billyton,Geography,89,77,90,85.33333333333333
13,Jennifer Miller,17,Port Billyton,Computer,55,64,75,64.66666666666667
13,Jennifer Miller,17,Port Billyton,Grammer,95,91,59,81.66666666666667
14,Megan Jackson,18,Ashleyport,Nepali,78,69,71,72.66666666666667
14,Megan Jackson,18,Ashleyport,Math,95,97,70,87.33333333333333
14,Megan Jackson,18,Ashleyport,English,76,64,64,68.0
14,Megan Jackson,18,Ashleyport,Science,99,66,66,77.0
14,Megan Jackson,18,Ashleyport,History,89,75,72,78.66666666666667
14,Megan Jackson,18,Ashleyport,Geography,52,79,93,74.66666666666667
14,Megan Jackson,18,Ashleyport,Computer,81,53,56,63.333333333333336
14,Megan Jackson,18,Ashleyport,Grammer,62,70,96,76.0
15,Matthew Velazquez,17,Perezfort,Nepali,92,66,95,84.33333333333333
15,Matthew Velazquez,17,Perezfort,Math,87,93,77,85.66666666666667
15,Matthew Velazquez,17,Perezfort,English,84,62,70,72.0
15,Matthew Velazquez,17,Perezfort,Science,75,80,70,75.0
15,Matthew Velazquez,17,Perezfort,History,50,91,67,69.33333333333333
15,Matthew Velazquez,17,Perezfort,Geography,51,92,90,77.66666666666667
15,Matthew Velazquez,17,Perezfort,Computer,82,59,85,75.33333333333333
15,Matthew Velazquez,17,Perezfort,Grammer,53,55,99,69.0
16,Sonya Jackson,15,Erikastad,Nepali,64,73,50,62.333333333333336
16,Sonya Jackson,15,Erikastad,Math,89,78,87,84.66666666666667
16,Sonya Jackson,15,Erikastad,English,50,78,67,65.0
16,Sonya Jackson,15,Erikastad,Science,51,79,58,62.666666666666664
16,Sonya Jackson,15,Erikastad,History,55,95,69,73.0
16,Sonya Jackson,15,Erikastad,Geography,59,68,76,67.66666666666667
16,Sonya Jackson,15,Erikastad,Computer,59,69,55,61.0
16,Sonya Jackson,15,Erikastad,Grammer,68,51,56,58.333333333333336
17,Matthew Williams,18,Kennedyborough,Nepali,89,64,98,83.66666666666667
17,Matthew Williams,18,Kennedyborough,Math,75,94,64,77.66666666666667
17,Matthew Williams,18,Kennedyborough,English,79,96,79,84.66666666666667
17,Matthew Williams,18,Kennedyborough,Science,73,85,69,75.66666666666667
17,Matthew Williams,18,Kennedyborough,History,59,95,76,76.66666666666667
17,Matthew Williams,18,Kennedyborough,Geography,70,66,74,70.0
17,Matthew Williams,18,Kennedyborough,Computer,85,84,58,75.66666666666667
17,Matthew Williams,18,Kennedyborough,Grammer,50,79,63,64.0
18,Tamara Allen,15,Blackwellstad,Nepali,92,70,62,74.66666666666667
18,Tamara Allen,15,Blackwellstad,Math,72,71,66,69.66666666666667
18,Tamara Allen,15,Blackwellstad,English,63,97,93,84.33333333333333
18,Tamara Allen,15,Blackwellstad,Science,80,99,68,82.33333333333333
18,Tamara Allen,15,Blackwellstad,History,86,79,78,81.0
18,Tamara Allen,15,Blackwellstad,Geography,82,74,79,78.33333333333333
18,Tamara Allen,15,Blackwellstad,Computer,55,77,50,60.666666666666664
18,Tamara Allen,15,Blackwellstad,Grammer,80,80,75,78.33333333333333
19,Laurie Moody,17,New Larryfort,Nepali,70,63,76,69.66666666666667
19,Laurie Moody,17,New Larryfort,Math,78,77,67,74.0
19,Laurie Moody,17,New Larryfort,English,55,63,98,72.0
19,Laurie Moody,17,New Larryfort,Science,86,54,56,65.33333333333333
19,Laurie Moody,17,New Larryfort,History,77,52,63,64.0
19,Laurie Moody,17,New Larryfort,Geography,73,100,56,76.33333333333333
19,Laurie Moody,17,New Larryfort,Computer,53,90,71,71.33333333333333
19,Laurie Moody,17,New Larryfort,Grammer,100,96,98,98.0
20,Donna Mcdonald,18,North Emilyshire,Nepali,65,66,70,67.0
20,Donna Mcdonald,18,North Emilyshire,Math,84,100,94,92.66666666666667
20,Donna Mcdonald,18,North Emilyshire,English,100,85,74,86.33333333333333
20,Donna Mcdonald,18,North Emilyshire,Science,92,73,87,84.0
20,Donna Mcdonald,18,North Emilyshire,History,80,97,60,79.0
20,Donna Mcdonald,18,North Emilyshire,Geography,78,70,90,79.33333333333333
20,Donna Mcdonald,18,North Emilyshire,Computer,87,62,71,73.33333333333333
20,Donna Mcdonald,18,North Emilyshire,Grammer,88,63,86,79.0
21,Juan Cortez,19,East Calvin,Nepali,94,57,71,74.0
21,Juan Cortez,19,East Calvin,Math,93,64,79,78.66666666666667
21,Juan Cortez,19,East Calvin,English,83,52,75,70.0
21,Juan Cortez,19,East Calvin,Science,100,86,65,83.66666666666667
21,Juan Cortez,19,East Calvin,History,67,59,55,60.333333333333336
21,Juan Cortez,19,East Calvin,Geography,96,65,94,85.0
21,Juan Cortez,19,East Calvin,Computer,84,85,88,85.66666666666667
21,Juan Cortez,19,East Calvin,Grammer,86,69,51,68.66666666666667
22,Douglas Evans,19,Christineport,Nepali,64,65,77,68.66666666666667
22,Douglas Evans,19,Christineport,Math,68,90,61,73.0
22,Douglas Evans,19,Christineport,English,55,70,100,75.0
22,Douglas Evans,19,Christineport,Science,64,80,71,71.66666666666667
22,Douglas Evans,19,Christineport,History,91,93,74,86.0
22,Douglas Evans,19,Christineport,Geography,81,51,71,67.66666666666667
22,Douglas Evans,19,Christineport,Computer,56,74,72,67.33333333333333
22,Douglas Evans,19,Christineport,Grammer,50,68,54,57.333333333333336
23,Kerry Burton,16,Tinabury,Nepali,58,84,90,77.33333333333333
23,Kerry Burton,16,Tinabury,Math,85,65,92,80.66666666666667
23,Kerry Burton,16,Tinabury,English,56,78,98,77.33333333333333
23,Kerry Burton,16,Tinabury,Science,65,71,96,77.33333333333333
23,Kerry Burton,16,Tinabury,History,77,91,61,76.33333333333333
23,Kerry Burton,16,Tinabury,Geography,91,84,95,90.0
23,Kerry Burton,16,Tinabury,Computer,88,99,50,79.0
23,Kerry Burton,16,Tinabury,Grammer,74,92,61,75.66666666666667
24,Jon Ochoa,19,Bonillastad,Nepali,82,95,62,79.66666666666667
24,Jon Ochoa,19,Bonillastad,Math,63,59,66,62.666666666666664
24,Jon Ochoa,19,Bonillastad,English,78,77,61,72.0
24,Jon Ochoa,19,Bonillastad,Science,86,55,88,76.33333333333333
24,Jon Ochoa,19,Bonillastad,History,56,75,78,69.66666666666667
24,Jon Ochoa,19,Bonillastad,Geography,58,63,93,71.33333333333333
24,Jon Ochoa,19,Bonillastad,Computer,73,58,95,75.33333333333333
24,Jon Ochoa,19,Bonillastad,Grammer,64,96,59,73.0
25,Kelsey Rodriguez,16,New Jeffton,Nepali,62,96,97,85.0
25,Kelsey Rodriguez,16,New Jeffton,Math,93,85,99,92.33333333333333
25,Kelsey Rodriguez,16,New Jeffton,English,72,95,65,77.33333333333333
25,Kelsey Rodriguez,16,New Jeffton,Science,67,62,59,62.666666666666664
25,Kelsey Rodriguez,16,New Jeffton,History,60,75,87,74.0
25,Kelsey Rodriguez,16,New Jeffton,Geography,89,64,77,76.66666666666667
25,Kelsey Rodriguez,16,New Jeffton,Computer,96,98,79,91.0
25,Kelsey Rodriguez,16,New Jeffton,Grammer,57,80,100,79.0
26,Martha Jones,17,Lake Amber,Nepali,74,97,98,89.66666666666667
26,Martha Jones,17,Lake Amber,Math,84,66,96,82.0
26,Martha Jones,17,Lake Amber,English,78,74,90,80.66666666666667
26,Martha Jones,17,Lake Amber,Science,66,88,98,84.0
26,Martha Jones,17,Lake Amber,History,79,81,98,86.0
26,Martha Jones,17,Lake Amber,Geography,83,92,83,86.0
26,Martha Jones,17,Lake Amber,Computer,99,70,52,73.66666666666667
26,Martha Jones,17,Lake Amber,Grammer,52,80,71,67.66666666666667
27,Barbara David,16,East Dominique,Nepali,81,50,76,69.0
27,Barbara David,16,East Dominique,Math,89,97,63,83.0
27,Barbara David,16,East Dominique,English,96,76,70,80.66666666666667
27,Barbara David,16,East Dominique,Science,73,93,98,88.0
27,Barbara David,16,East Dominique,History,65,63,95,74.33333333333333
27,Barbara David,16,East Dominique,Geography,84,50,98,77.33333333333333
27,Barbara David,16,East Dominique,Computer,51,87,57,65.0
27,Barbara David,16,East Dominique,Grammer,66,96,74,78.66666666666667
28,Gregory Fowler,19,West Elizabethbury,Nepali,59,88,88,78.33333333333333
28,Gregory Fowler,19,West Elizabethbury,Math,77,56,82,71.66666666666667
28,Gregory Fowler,19,West Elizabethbury,English,91,81,52,74.66666666666667
28,Gregory Fowler,19,West Elizabethbury,Science,59,79,77,71.66666666666667
28,Gregory Fowler,19,West Elizabethbury,History,91,96,69,85.33333333333333
28,Gregory Fowler,19,West Elizabethbury,Geography,88,82,92,87.33333333333333
28,Gregory Fowler,19,West Elizabethbury,Computer,80,52,93,75.0
28,Gregory Fowler,19,West Elizabethbury,Grammer,62,74,95,77.0
29,David Parker,15,Tylerhaven,Nepali,91,90,56,79.0
29,David Parker,15,Tylerhaven,Math,87,76,68,77.0
29,David Parker,15,Tylerhaven,English,91,69,61,73.66666666666667
29,David Parker,15,Tylerhaven,Science,95,84,72,83.66666666666667
29,David Parker,15,Tylerhaven,History,99,89,94,94.0
29,David Parker,15,Tylerhaven,Geography,75,92,70,79.0
29,David Parker,15,Tylerhaven,Computer,73,98,92,87.66666666666667
29,David Parker,15,Tylerhaven,Grammer,54,87,73,71.33333333333333
30,Travis Riley,16,North Latoya,Nepali,77,90,56,74.33333333333333
30,Travis Riley,16,North Latoya,Math,87,75,66,76.0
30,Travis Riley,16,North Latoya,English,98,85,84,89.0
30,Travis Riley,16,North Latoya,Science,79,67,75,73.66666666666667
30,Travis Riley,16,North Latoya,History,54,68,63,61.666666666666664
30,Travis Riley,16,North Latoya,Geography,79,98,73,83.33333333333333
30,Travis Riley,16,North Latoya,Computer,92,79,88,86.33333333333333
30,Travis Riley,16,North Latoya,Grammer,69,68,72,69.66666666666667
31,Daniel Gonzalez,15,West Julie,Nepali,73,74,85,77.33333333333333
31,Daniel Gonzalez,15,West Julie,Math,79,84,57,73.33333333333333
31,Daniel Gonzalez,15,West Julie,English,63,95,92,83.33333333333333
31,Daniel Gonzalez,15,West Julie,Science,57,94,56,69.0
31,Daniel Gonzalez,15,West Julie,History,72,100,82,84.66666666666667
31,Daniel Gonzalez,15,West Julie,Geography,56,57,77,63.333333333333336
31,Daniel Gonzalez,15,West Julie,Computer,57,81,72,70.0
31,Daniel Gonzalez,15,West Julie,Grammer,78,78,68,74.66666666666667
32,Andre Stanton,17,Apriltown,Nepali,70,68,77,71.66666666666667
32,Andre Stanton,17,Apriltown,Math,70,94,71,78.33333333333333
32,Andre Stanton,17,Apriltown,English,78,87,51,72.0
32,Andre Stanton,17,Apriltown,Science,73,77,76,75.33333333333333
32,Andre Stanton,17,Apriltown,History,61,61,95,72.33333333333333
32,Andre Stanton,17,Apriltown,Geography,80,81,89,83.33333333333333
32,Andre Stanton,17,Apriltown,Computer,50,51,97,66.0
32,Andre Stanton,17,Apriltown,Grammer,89,68,88,81.66666666666667
33,Catherine West,19,Elizabethton,Nepali,77,87,95,86.33333333333333
33,Catherine West,19,Elizabethton,Math,54,51,70,58.333333333333336
33,Catherine West,19,Elizabethton,English,55,77,77,69.66666666666667
33,Catherine West,19,Elizabethton,Science,94,74,82,83.33333333333333
33,Catherine West,19,Elizabethton,History,68,63,68,66.33333333333333
33,Catherine West,19,Elizabethton,Geography,87,87,84,86.0
33,Catherine West,19,Elizabethton,Computer,90,88,55,77.66666666666667
33,Catherine West,19,Elizabethton,Grammer,96,78,59,77.66666666666667
34,Philip Sanchez,18,South William,Nepali,93,78,90,87.0
34,Philip Sanchez,18,South William,Math,61,87,74,74.0
34,Philip Sanchez,18,South William,English,63,69,78,70.0
34,Philip Sanchez,18,South William,Science,74,79,65,72.66666666666667
34,Philip Sanchez,18,South William,History,71,99,75,81.66666666666667
34,Philip Sanchez,18,South William,Geography,52,64,66,60.666666666666664
34,Philip Sanchez,18,South William,Computer,88,81,88,85.66666666666667
34,Philip Sanchez,18,South William,Grammer,65,70,61,65.33333333333333
35,Bryan Myers,15,Port Katiestad,Nepali,83,65,54,67.33333333333333
35,Bryan Myers,15,Port Katiestad,Math,71,61,61,64.33333333333333
35,Bryan Myers,15,Port Katiestad,English,98,93,95,95.33333333333333
35,Bryan Myers,15,Port Katiestad,Science,52,90,50,64.0
35,Bryan Myers,15,Port Katiestad,History,66,83,85,78.0
35,Bryan Myers,15,Port Katiestad,Geography,57,71,84,70.66666666666667
35,Bryan Myers,15,Port Katiestad,Computer,81,70,79,76.66666666666667
35,Bryan Myers,15,Port Katiestad,Grammer,73,62,77,70.66666666666667
36,Carolyn Edwards,16,Robertsbury,Nepali,92,74,76,80.66666666666667
36,Carolyn Edwards,16,Robertsbury,Math,63,86,72,73.66666666666667
36,Carolyn Edwards,16,Robertsbury,English,93,96,99,96.0
36,Carolyn Edwards,16,Robertsbury,Science,71,85,96,84.0
36,Carolyn Edwards,16,Robertsbury,History,52,55,88,65.0
36,Carolyn Edwards,16,Robertsbury,Geography,94,94,71,86.33333333333333
36,Carolyn Edwards,16,Robertsbury,Computer,55,73,60,62.666666666666664
36,Carolyn Edwards,16,Robertsbury,Grammer,86,77,74,79.0
37,Christine Martinez,16,East Andre,Nepali,74,99,84,85.66666666666667
37,Christine Martinez,16,East Andre,Math,78,54,75,69.0
37,Christine Martinez,16,East Andre,English,59,97,69,75.0
37,Christine Martinez,16,East Andre,Science,68,74,77,73.0
37,Christine Martinez,16,East Andre,History,54,67,85,68.66666666666667
37,Christine Martinez,16,East Andre,Geography,90,51,85,75.33333333333333
37,Christine Martinez,16,East Andre,Computer,100,85,66,83.66666666666667
37,Christine Martinez,16,East Andre,Grammer,95,50,57,67.33333333333333
38,John Brown,17,South Scott,Nepali,71,52,60,61.0
38,John Brown,17,South Scott,Math,54,57,96,69.0
38,John Brown,17,South Scott,English,72,68,66,68.66666666666667
38,John Brown,17,South Scott,Science,78,53,51,60.666666666666664
38,John Brown,17,South Scott,History,55,66,85,68.66666666666667
38,John Brown,17,South Scott,Geography,100,87,50,79.0
38,John Brown,17,South Scott,Computer,63,91,67,73.66666666666667
38,John Brown,17,South Scott,Grammer,79,52,85,72.0
39,Erik Strickland,17,East Adamstad,Nepali,61,53,71,61.666666666666664
39,Erik Strickland,17,East Adamstad,Math,96,76,63,78.33333333333333
39,Erik Strickland,17,East Adamstad,English,98,51,51,66.66666666666667
39,Erik Strickland,17,East Adamstad,Science,66,52,85,67.66666666666667
39,Erik Strickland,17,East Adamstad,History,79,56,87,74.0
39,Erik Strickland,17,East Adamstad,Geography,84,70,84,79.33333333333333
39,Erik Strickland,17,East Adamstad,Computer,86,89,81,85.33333333333333
39,Erik Strickland,17,East Adamstad,Grammer,88,78,51,72.33333333333333
40,Dan Cooper,18,Kingburgh,Nepali,53,61,56,56.666666666666664
40,Dan Cooper,18,Kingburgh,Math,72,100,76,82.66666666666667
40,Dan Cooper,18,Kingburgh,English,93,55,62,70.0
40,Dan Cooper,18,Kingburgh,Science,75,50,87,70.66666666666667
40,Dan Cooper,18,Kingburgh,History,75,66,83,74.66666666666667
40,Dan Cooper,18,Kingburgh,Geography,84,85,89,86.0
40,Dan Cooper,18,Kingburgh,Computer,65,86,57,69.33333333333333
40,Dan Cooper,18,Kingburgh,Grammer,57,81,77,71.66666666666667
41,Jacqueline Lambert,15,Lake Christianview,Nepali,77,93,60,76.66666666666667
41,Jacqueline Lambert,15,Lake Christianview,Math,52,82,61,65.0
41,Jacqueline Lambert,15,Lake Christianview,English,92,75,71,79.33333333333333
41,Jacqueline Lambert,15,Lake Christianview,Science,73,97,71,80.33333333333333
41,Jacqueline Lambert,15,Lake Christianview,History,56,93,76,75.0
41,Jacqueline Lambert,15,Lake Christianview,Geography,58,74,55,62.333333333333336
41,Jacqueline Lambert,15,Lake Christianview,Computer,70,81,57,69.33333333333333
41,Jacqueline Lambert,15,Lake Christianview,Grammer,96,73,85,84.66666666666667
42,Kevin Doyle,15,North Donaldtown,Nepali,81,68,70,73.0
42,Kevin Doyle,15,North Donaldtown,Math,71,61,62,64.66666666666667
42,Kevin Doyle,15,North Donaldtown,English,96,50,70,72.0
42,Kevin Doyle,15,North Donaldtown,Science,92,51,80,74.33333333333333
42,Kevin Doyle,15,North Donaldtown,History,90,77,67,78.0
42,Kevin Doyle,15,North Donaldtown,Geography,83,88,70,80.33333333333333
42,Kevin Doyle,15,North Donaldtown,Computer,71,100,97,89.33333333333333
42,Kevin Doyle,15,North Donaldtown,Grammer,93,53,65,70.33333333333333
43,Shannon Martinez,18,Cartershire,Nepali,66,72,61,66.33333333333333
43,Shannon Martinez,18,Cartershire,Math,75,77,80,77.33333333333333
43,Shannon Martinez,18,Cartershire,English,91,98,99,96.0
43,Shannon Martinez,18,Cartershire,Science,72,91,76,79.66666666666667
43,Shannon Martinez,18,Cartershire,History,98,97,89,94.66666666666667
43,Shannon Martinez,18,Cartershire,Geography,59,95,95,83.0
43,Shannon Martinez,18,Cartershire,Computer,78,58,90,75.33333333333333
43,Shannon Martinez,18,Cartershire,Grammer,63,70,54,62.333333333333336
44,Keith Gomez,18,South William,Nepali,66,93,83,80.66666666666667
44,Keith Gomez,18,South William,Math,92,100,83,91.66666666666667
44,Keith Gomez,18,South William,English,55,72,82,69.66666666666667
44,Keith Gomez,18,South William,Science,90,78,74,80.66666666666667
44,Keith Gomez,18,South William,History,96,100,61,85.66666666666667
44,Keith Gomez,18,South William,Geography,74,76,50,66.66666666666667
44,Keith Gomez,18,South William,Computer,66,78,97,80.33333333333333
44,Keith Gomez,18,South William,Grammer,83,89,91,87.66666666666667
45,Allison Cochran,15,East Joshua,Nepali,79,70,75,74.66666666666667
45,Allison Cochran,15,East Joshua,Math,67,72,59,66.0
45,Allison Cochran,15,East Joshua,English,99,72,83,84.66666666666667
45,Allison Cochran,15,East Joshua,Science,64,71,81,72.0
45,Allison Cochran,15,East Joshua,History,66,64,64,64.66666666666667
45,Allison Cochran,15,East Joshua,Geography,75,76,77,76.0
45,Allison Cochran,15,East Joshua,Computer,72,53,86,70.33333333333333
45,Allison Cochran,15,East Joshua,Grammer,71,63,69,67.66666666666667
46,Timothy Sawyer,15,West Thomasview,Nepali,80,65,90,78.33333333333333
46,Timothy Sawyer,15,West Thomasview,Math,90,88,100,92.66666666666667
46,Timothy Sawyer,15,West Thomasview,English,72,53,85,70.0
46,Timothy Sawyer,15,West Thomasview,Science,94,80,51,75.0
46,Timothy Sawyer,15,West Thomasview,History,97,69,61,75.66666666666667
46,Timothy Sawyer,15,West Thomasview,Geography,74,66,90,76.66666666666667
46,Timothy Sawyer,15,West Thomasview,Computer,57,57,91,68.33333333333333
46,Timothy Sawyer,15,West Thomasview,Grammer,64,87,97,82.66666666666667
47,Cindy Carroll,17,Mullenburgh,Nepali,79,81,77,79.0
47,Cindy Carroll,17,Mullenburgh,Math,59,93,57,69.66666666666667
47,Cindy Carroll,17,Mullenburgh,English,69,52,77,66.0
47,Cindy Carroll,17,Mullenburgh,Science,79,50,75,68.0
47,Cindy Carroll,17,Mullenburgh,History,68,77,62,69.0
47,Cindy Carroll,17,Mullenburgh,Geography,55,56,56,55.666666666666664
47,Cindy Carroll,17,Mullenburgh,Computer,96,81,86,87.66666666666667
47,Cindy Carroll,17,Mullenburgh,Grammer,75,65,65,68.33333333333333
48,Martha Williams,17,South Kaylaville,Nepali,83,92,90,88.33333333333333
48,Martha Williams,17,South Kaylaville,Math,63,50,89,67.33333333333333
48,Martha Williams,17,South Kaylaville,English,88,87,84,86.33333333333333
48,Martha Williams,17,South Kaylaville,Science,76,60,89,75.0
48,Martha Williams,17,South Kaylaville,History,91,69,100,86.66666666666667
48,Martha Williams,17,South Kaylaville,Geography,73,100,50,74.33333333333333
48,Martha Williams,17,South Kaylaville,Computer,56,86,65,69.0
48,Martha Williams,17,South Kaylaville,Grammer,84,77,60,73.66666666666667
49,Emily Guerra,16,Lisaberg,Nepali,77,100,67,81.33333333333333
49,Emily Guerra,16,Lisaberg,Math,74,89,79,80.66666666666667
49,Emily Guerra,16,Lisaberg,English,93,64,61,72.66666666666667
49,Emily Guerra,16,Lisaberg,Science,51,66,54,57.0
49,Emily Guerra,16,Lisaberg,History,95,64,63,74.0
49,Emily Guerra,16,Lisaberg,Geography,50,70,90,70.0
49,Emily Guerra,16,Lisaberg,Computer,58,76,71,68.33333333333333
49,Emily Guerra,16,Lisaberg,Grammer,97,58,62,72.33333333333333
50,Nicholas Adkins,19,Jamesfurt,Nepali,70,94,59,74.33333333333333
50,Nicholas Adkins,19,Jamesfurt,Math,64,93,78,78.33333333333333
50,Nicholas Adkins,19,Jamesfurt,English,88,68,58,71.33333333333333
50,Nicholas Adkins,19,Jamesfurt,Science,52,65,70,62.333333333333336
50,Nicholas Adkins,19,Jamesfurt,History,55,87,82,74.66666666666667
50,Nicholas Adkins,19,Jamesfurt,Geography,88,86,79,84.33333333333333
50,Nicholas Adkins,19,Jamesfurt,Computer,98,75,61,78.0
50,Nicholas Adkins,19,Jamesfurt,Grammer,87,81,92,86.66666666666667
51,Dennis Sherman,19,Hoshire,Nepali,69,51,96,72.0
51,Dennis Sherman,19,Hoshire,Math,78,92,67,79.0
51,Dennis Sherman,19,Hoshire,English,92,88,93,91.0
51,Dennis Sherman,19,Hoshire,Science,62,74,100,78.66666666666667
51,Dennis Sherman,19,Hoshire,History,67,73,77,72.33333333333333
51,Dennis Sherman,19,Hoshire,Geography,98,59,51,69.33333333333333
51,Dennis Sherman,19,Hoshire,Computer,80,68,83,77.0
51,Dennis Sherman,19,Hoshire,Grammer,54,51,53,52.666666666666664
52,Stephen Ramirez,19,Flemingview,Nepali,69,85,87,80.33333333333333
52,Stephen Ramirez,19,Flemingview,Math,56,58,100,71.33333333333333
52,Stephen Ramirez,19,Flemingview,English,60,76,70,68.66666666666667
52,Stephen Ramirez,19,Flemingview,Science,96,97,56,83.0
52,Stephen Ramirez,19,Flemingview,History,61,58,90,69.66666666666667
52,Stephen Ramirez,19,Flemingview,Geography,82,60,75,72.33333333333333
52,Stephen Ramirez,19,Flemingview,Computer,55,74,90,73.0
52,Stephen Ramirez,19,Flemingview,Grammer,71,100,79,83.33333333333333
53,Miranda Gonzalez,18,Lake Samuelstad,Nepali,69,61,74,68.0
53,Miranda Gonzalez,18,Lake Samuelstad,Math,86,69,58,71.0
53,Miranda Gonzalez,18,Lake Samuelstad,English,98,92,89,93.0
53,Miranda Gonzalez,18,Lake Samuelstad,Science,84,96,78,86.0
53,Miranda Gonzalez,18,Lake Samuelstad,History,92,74,87,84.33333333333333
53,Miranda Gonzalez,18,Lake Samuelstad,Geography,71,64,74,69.66666666666667
53,Miranda Gonzalez,18,Lake Samuelstad,Computer,94,87,99,93.33333333333333
53,Miranda Gonzalez,18,Lake Samuelstad,Grammer,98,99,75,90.66666666666667
54,Richard Jones,18,Danaton,Nepali,90,68,54,70.66666666666667
54,Richard Jones,18,Danaton,Math,52,60,75,62.333333333333336
54,Richard Jones,18,Danaton,English,62,65,80,69.0
54,Richard Jones,18,Danaton,Science,57,99,95,83.66666666666667
54,Richard Jones,18,Danaton,History,86,98,99,94.33333333333333
54,Richard Jones,18,Danaton,Geography,52,96,75,74.33333333333333
54,Richard Jones,18,Danaton,Computer,90,88,66,81.33333333333333
54,Richard Jones,18,Danaton,Grammer,61,77,81,73.0
55,John Rogers,18,South Gary,Nepali,87,74,73,78.0
55,John Rogers,18,South Gary,Math,92,71,76,79.66666666666667
55,John Rogers,18,South Gary,English,57,96,66,73.0
55,John Rogers,18,South Gary,Science,66,97,61,74.66666666666667
55,John Rogers,18,South Gary,History,80,84,82,82.0
55,John Rogers,18,South Gary,Geography,86,74,98,86.0
55,John Rogers,18,South Gary,Computer,71,79,92,80.66666666666667
55,John Rogers,18,South Gary,Grammer,71,50,56,59.0
56,Katherine Gonzales,18,Mcintyreburgh,Nepali,94,93,59,82.0
56,Katherine Gonzales,18,Mcintyreburgh,Math,98,62,69,76.33333333333333
56,Katherine Gonzales,18,Mcintyreburgh,English,81,93,92,88.66666666666667
56,Katherine Gonzales,18,Mcintyreburgh,Science,64,70,50,61.333333333333336
56,Katherine Gonzales,18,Mcintyreburgh,History,61,99,62,74.0
56,Katherine Gonzales,18,Mcintyreburgh,Geography,84,56,81,73.66666666666667
56,Katherine Gonzales,18,Mcintyreburgh,Computer,50,88,97,78.33333333333333
56,Katherine Gonzales,18,Mcintyreburgh,Grammer,89,87,90,88.66666666666667
57,Michael Lopez,16,Lopezfurt,Nepali,96,50,68,71.33333333333333
57,Michael Lopez,16,Lopezfurt,Math,59,61,69,63.0
57,Michael Lopez,16,Lopezfurt,English,83,86,90,86.33333333333333
57,Michael Lopez,16,Lopezfurt,Science,88,91,75,84.66666666666667
57,Michael Lopez,16,Lopezfurt,History,61,50,68,59.666666666666664
57,Michael Lopez,16,Lopezfurt,Geography,59,82,50,63.666666666666664
57,Michael Lopez,16,Lopezfurt,Computer,59,73,96,76.0
57,Michael Lopez,16,Lopezfurt,Grammer,53,68,93,71.33333333333333
58,Nicole Evans,15,West Karen,Nepali,56,81,94,77.0
58,Nicole Evans,15,West Karen,Math,98,83,63,81.33333333333333
58,Nicole Evans,15,West Karen,English,69,98,95,87.33333333333333
58,Nicole Evans,15,West Karen,Science,73,55,68,65.33333333333333
58,Nicole Evans,15,West Karen,History,54,94,78,75.33333333333333
58,Nicole Evans,15,West Karen,Geography,96,53,67,72.0
58,Nicole Evans,15,West Karen,Computer,83,91,59,77.66666666666667
58,Nicole Evans,15,West Karen,Grammer,52,91,92,78.33333333333333
59,Olivia Young,15,New Shawnport,Nepali,50,92,68,70.0
59,Olivia Young,15,New Shawnport,Math,57,79,58,64.66666666666667
59,Olivia Young,15,New Shawnport,English,79,77,86,80.66666666666667
59,Olivia Young,15,New Shawnport,Science,69,73,57,66.33333333333333
59,Olivia Young,15,New Shawnport,History,83,97,84,88.0
59,Olivia Young,15,New Shawnport,Geography,57,91,64,70.66666666666667
59,Olivia Young,15,New Shawnport,Computer,87,62,51,66.66666666666667
59,Olivia Young,15,New Shawnport,Grammer,54,55,92,67.0
60,Wendy Roberts,18,Harperfurt,Nepali,56,67,95,72.66666666666667
60,Wendy Roberts,18,Harperfurt,Math,54,63,68,61.666666666666664
60,Wendy Roberts,18,Harperfurt,English,89,77,83,83.0
60,Wendy Roberts,18,Harperfurt,Science,93,50,52,65.0
60,Wendy Roberts,18,Harperfurt,History,83,74,74,77.0
60,Wendy Roberts,18,Harperfurt,Geography,90,97,62,83.0
60,Wendy Roberts,18,Harperfurt,Computer,72,58,84,71.33333333333333
60,Wendy Roberts,18,Harperfurt,Grammer,69,72,85,75.33333333333333
61,Jennifer Harmon,17,Wendyfort,Nepali,76,91,99,88.66666666666667
61,Jennifer Harmon,17,Wendyfort,Math,72,76,87,78.33333333333333
61,Jennifer Harmon,17,Wendyfort,English,61,60,73,64.66666666666667
61,Jennifer Harmon,17,Wendyfort,Science,68,57,64,63.0
61,Jennifer Harmon,17,Wendyfort,History,94,82,54,76.66666666666667
61,Jennifer Harmon,17,Wendyfort,Geography,92,59,95,82.0
61,Jennifer Harmon,17,Wendyfort,Computer,57,53,62,57.333333333333336
61,Jennifer Harmon,17,Wendyfort,Grammer,100,87,75,87.33333333333333
62,Larry George,17,Lake Daltontown,Nepali,90,61,77,76.0
62,Larry George,17,Lake Daltontown,Math,96,100,92,96.0
62,Larry George,17,Lake Daltontown,English,93,95,74,87.33333333333333
62,Larry George,17,Lake Daltontown,Science,76,96,75,82.33333333333333
62,Larry George,17,Lake Daltontown,History,60,71,82,71.0
62,Larry George,17,Lake Daltontown,Geography,83,99,100,94.0
62,Larry George,17,Lake Daltontown,Computer,62,81,74,72.33333333333333
62,Larry George,17,Lake Daltontown,Grammer,80,58,70,69.33333333333333
63,Yolanda Mendoza,15,West Allisonstad,Nepali,63,65,52,60.0
63,Yolanda Mendoza,15,West Allisonstad,Math,70,96,56,74.0
63,Yolanda Mendoza,15,West Allisonstad,English,50,68,66,61.333333333333336
63,Yolanda Mendoza,15,West Allisonstad,Science,60,66,93,73.0
63,Yolanda Mendoza,15,West Allisonstad,History,89,65,59,71.0
63,Yolanda Mendoza,15,West Allisonstad,Geography,91,52,59,67.33333333333333
63,Yolanda Mendoza,15,West Allisonstad,Computer,73,58,64,65.0
63,Yolanda Mendoza,15,West Allisonstad,Grammer,90,64,83,79.0
64,Alexandra Browning,16,West Edward,Nepali,99,69,78,82.0
64,Alexandra Browning,16,West Edward,Math,85,68,79,77.33333333333333
64,Alexandra Browning,16,West Edward,English,84,57,61,67.33333333333333
64,Alexandra Browning,16,West Edward,Science,83,72,50,68.33333333333333
64,Alexandra Browning,16,West Edward,History,89,91,58,79.33333333333333
64,Alexandra Browning,16,West Edward,Geography,68,94,60,74.0
64,Alexandra Browning,16,West Edward,Computer,79,55,89,74.33333333333333
64,Alexandra Browning,16,West Edward,Grammer,69,62,60,63.666666666666664
65,Laura Horton,19,Dennisshire,Nepali,67,61,79,69.0
65,Laura Horton,19,Dennisshire,Math,99,68,56,74.33333333333333
65,Laura Horton,19,Dennisshire,English,76,96,100,90.66666666666667
65,Laura Horton,19,Dennisshire,Science,91,64,63,72.66666666666667
65,Laura Horton,19,Dennisshire,History,92,58,62,70.66666666666667
65,Laura Horton,19,Dennisshire,Geography,90,60,57,69.0
65,Laura Horton,19,Dennisshire,Computer,54,77,82,71.0
65,Laura Horton,19,Dennisshire,Grammer,81,76,93,83.33333333333333
66,Mary Waller,18,West Joe,Nepali,51,86,74,70.33333333333333
66,Mary Waller,18,West Joe,Math,73,78,54,68.33333333333333
66,Mary Waller,18,West Joe,English,91,91,98,93.33333333333333
66,Mary Waller,18,West Joe,Science,73,78,88,79.66666666666667
66,Mary Waller,18,West Joe,History,55,78,67,66.66666666666667
66,Mary Waller,18,West Joe,Geography,59,89,66,71.33333333333333
66,Mary Waller,18,West Joe,Computer,74,83,59,72.0
66,Mary Waller,18,West Joe,Grammer,64,62,90,72.0
67,Sue Hernandez,16,Smithside,Nepali,96,96,100,97.33333333333333
67,Sue Hernandez,16,Smithside,Math,85,53,55,64.33333333333333
67,Sue Hernandez,16,Smithside,English,67,97,81,81.66666666666667
67,Sue Hernandez,16,Smithside,Science,83,99,96,92.66666666666667
67,Sue Hernandez,16,Smithside,History,51,86,61,66.0
67,Sue Hernandez,16,Smithside,Geography,77,100,96,91.0
67,Sue Hernandez,16,Smithside,Computer,82,54,96,77.33333333333333
67,Sue Hernandez,16,Smithside,Grammer,85,63,51,66.33333333333333
68,Elizabeth Chapman,16,Stewartbury,Nepali,67,81,95,81.0
68,Elizabeth Chapman,16,Stewartbury,Math,92,63,58,71.0
68,Elizabeth Chapman,16,Stewartbury,English,91,97,76,88.0
68,Elizabeth Chapman,16,Stewartbury,Science,97,94,97,96.0
68,Elizabeth Chapman,16,Stewartbury,History,85,76,57,72.66666666666667
68,Elizabeth Chapman,16,Stewartbury,Geography,56,86,85,75.66666666666667
68,Elizabeth Chapman,16,Stewartbury,Computer,96,81,57,78.0
68,Elizabeth Chapman,16,Stewartbury,Grammer,56,59,78,64.33333333333333
69,Zachary Johnson,18,Wiseville,Nepali,68,82,54,68.0
69,Zachary Johnson,18,Wiseville,Math,84,59,55,66.0
69,Zachary Johnson,18,Wiseville,English,54,83,66,67.66666666666667
69,Zachary Johnson,18,Wiseville,Science,96,66,55,72.33333333333333
69,Zachary Johnson,18,Wiseville,History,67,69,96,77.33333333333333
69,Zachary Johnson,18,Wiseville,Geography,93,65,74,77.33333333333333
69,Zachary Johnson,18,Wiseville,Computer,89,82,100,90.33333333333333
69,Zachary Johnson,18,Wiseville,Grammer,59,67,79,68.33333333333333
70,Jeremy Brown,17,Christianshire,Nepali,52,66,97,71.66666666666667
70,Jeremy Brown,17,Christianshire,Math,62,78,90,76.66666666666667
70,Jeremy Brown,17,Christianshire,English,71,94,56,73.66666666666667
70,Jeremy Brown,17,Christianshire,Science,67,80,59,68.66666666666667
70,Jeremy Brown,17,Christianshire,History,90,69,72,77.0
70,Jeremy Brown,17,Christianshire,Geography,93,87,74,84.66666666666667
70,Jeremy Brown,17,Christianshire,Computer,59,59,99,72.33333333333333
70,Jeremy Brown,17,Christianshire,Grammer,99,74,96,89.66666666666667
71,Lisa Johnson,18,Molinahaven,Nepali,53,98,62,71.0
71,Lisa Johnson,18,Molinahaven,Math,98,71,50,73.0
71,Lisa Johnson,18,Molinahaven,English,56,51,61,56.0
71,Lisa Johnson,18,Molinahaven,Science,76,50,91,72.33333333333333
71,Lisa Johnson,18,Molinahaven,History,88,99,100,95.66666666666667
71,Lisa Johnson,18,Molinahaven,Geography,66,65,62,64.33333333333333
71,Lisa Johnson,18,Molinahaven,Computer,63,92,88,81.0
71,Lisa Johnson,18,Molinahaven,Grammer,54,74,75,67.66666666666667
72,Amber Cox,16,West Lucas,Nepali,60,66,71,65.66666666666667
72,Amber Cox,16,West Lucas,Math,54,50,69,57.666666666666664
72,Amber Cox,16,West Lucas,English,95,87,58,80.0
72,Amber Cox,16,West Lucas,Science,79,88,65,77.33333333333333
72,Amber Cox,16,West Lucas,History,74,78,55,69.0
72,Amber Cox,16,West Lucas,Geography,81,78,71,76.66666666666667
72,Amber Cox,16,West Lucas,Computer,87,99,100,95.33333333333333
72,Amber Cox,16,West Lucas,Grammer,64,64,68,65.33333333333333
73,Michael Porter,18,Sarastad,Nepali,50,64,61,58.333333333333336
73,Michael Porter,18,Sarastad,Math,73,84,85,80.66666666666667
73,Michael Porter,18,Sarastad,English,83,95,58,78.66666666666667
73,Michael Porter,18,Sarastad,Science,65,100,90,85.0
73,Michael Porter,18,Sarastad,History,73,67,88,76.0
73,Michael Porter,18,Sarastad,Geography,63,68,58,63.0
73,Michael Porter,18,Sarastad,Computer,93,97,89,93.0
73,Michael Porter,18,Sarastad,Grammer,78,83,87,82.66666666666667
74,Cathy Jones,16,Baileyton,Nepali,75,88,95,86.0
74,Cathy Jones,16,Baileyton,Math,98,87,98,94.33333333333333
74,Cathy Jones,16,Baileyton,English,88,67,99,84.66666666666667
74,Cathy Jones,16,Baileyton,Science,90,91,54,78.33333333333333
74,Cathy Jones,16,Baileyton,History,75,51,88,71.33333333333333
74,Cathy Jones,16,Baileyton,Geography,63,94,75,77.33333333333333
74,Cathy Jones,16,Baileyton,Computer,71,99,53,74.33333333333333
74,Cathy Jones,16,Baileyton,Grammer,70,60,53,61.0
75,Dr. Dan Miller,15,West Melindatown,Nepali,67,67,53,62.333333333333336
75,Dr. Dan Miller,15,West Melindatown,Math,95,92,65,84.0
75,Dr. Dan Miller,15,West Melindatown,English,57,93,89,79.66666666666667
75,Dr. Dan Miller,15,West Melindatown,Science,84,75,100,86.33333333333333
75,Dr. Dan Miller,15,West Melindatown,History,50,84,66,66.66666666666667
75,Dr. Dan Miller,15,West Melindatown,Geography,76,86,59,73.66666666666667
75,Dr. Dan Miller,15,West Melindatown,Computer,73,70,54,65.66666666666667
75,Dr. Dan Miller,15,West Melindatown,Grammer,87,66,66,73.0
76,Travis Tran,19,Port Daniel,Nepali,82,80,75,79.0
76,Travis Tran,19,Port Daniel,Math,66,81,68,71.66666666666667
76,Travis Tran,19,Port Daniel,English,92,64,54,70.0
76,Travis Tran,19,Port Daniel,Science,55,75,55,61.666666666666664
76,Travis Tran,19,Port Daniel,History,61,92,92,81.66666666666667
76,Travis Tran,19,Port Daniel,Geography,53,70,99,74.0
76,Travis Tran,19,Port Daniel,Computer,51,95,87,77.66666666666667
76,Travis Tran,19,Port Daniel,Grammer,98,67,57,74.0
77,Tracy Garcia,17,Stephaniechester,Nepali,66,99,78,81.0
77,Tracy Garcia,17,Stephaniechester,Math,68,93,71,77.33333333333333
77,Tracy Garcia,17,Stephaniechester,English,88,55,62,68.33333333333333
77,Tracy Garcia,17,Stephaniechester,Science,67,64,58,63.0
77,Tracy Garcia,17,Stephaniechester,History,97,96,84,92.33333333333333
77,Tracy Garcia,17,Stephaniechester,Geography,61,75,86,74.0
77,Tracy Garcia,17,Stephaniechester,Computer,95,57,77,76.33333333333333
77,Tracy Garcia,17,Stephaniechester,Grammer,75,74,63,70.66666666666667
78,Hannah Wagner,17,South Kimberlytown,Nepali,55,93,91,79.66666666666667
78,Hannah Wagner,17,South Kimberlytown,Math,85,59,72,72.0
78,Hannah Wagner,17,South Kimberlytown,English,66,57,73,65.33333333333333
78,Hannah Wagner,17,South Kimberlytown,Science,77,55,52,61.333333333333336
78,Hannah Wagner,17,South Kimberlytown,History,51,79,97,75.66666666666667
78,Hannah Wagner,17,South Kimberlytown,Geography,100,56,52,69.33333333333333
78,Hannah Wagner,17,South Kimberlytown,Computer,97,72,64,77.66666666666667
78,Hannah Wagner,17,South Kimberlytown,Grammer,81,83,53,72.33333333333333
79,Julia Bush,16,Johnsonhaven,Nepali,59,77,65,67.0
79,Julia Bush,16,Johnsonhaven,Math,79,55,75,69.66666666666667
79,Julia Bush,16,Johnsonhaven,English,98,86,79,87.66666666666667
79,Julia Bush,16,Johnsonhaven,Science,88,51,88,75.66666666666667
79,Julia Bush,16,Johnsonhaven,History,85,100,58,81.0
79,Julia Bush,16,Johnsonhaven,Geography,51,64,76,63.666666666666664
79,Julia Bush,16,Johnsonhaven,Computer,65,72,65,67.33333333333333
79,Julia Bush,16,Johnsonhaven,Grammer,51,61,69,60.333333333333336
80,Amy Smith,19,Lake Jamesfurt,Nepali,72,82,87,80.33333333333333
80,Amy Smith,19,Lake Jamesfurt,Math,63,95,52,70.0
80,Amy Smith,19,Lake Jamesfurt,English,62,66,92,73.33333333333333
80,Amy Smith,19,Lake Jamesfurt,Science,68,82,75,75.0
80,Amy Smith,19,Lake Jamesfurt,History,63,63,73,66.33333333333333
80,Amy Smith,19,Lake Jamesfurt,Geography,63,57,89,69.66666666666667
80,Amy Smith,19,Lake Jamesfurt,Computer,98,79,61,79.33333333333333
80,Amy Smith,19,Lake Jamesfurt,Grammer,78,99,75,84.0
81,Shawn Wilson,17,Owenstad,Nepali,85,100,86,90.33333333333333
81,Shawn Wilson,17,Owenstad,Math,83,95,98,92.0
81,Shawn Wilson,17,Owenstad,English,61,98,95,84.66666666666667
81,Shawn Wilson,17,Owenstad,Science,76,94,58,76.0
81,Shawn Wilson,17,Owenstad,History,74,50,55,59.666666666666664
81,Shawn Wilson,17,Owenstad,Geography,80,67,58,68.33333333333333
81,Shawn Wilson,17,Owenstad,Computer,67,60,80,69.0
81,Shawn Wilson,17,Owenstad,Grammer,77,52,95,74.66666666666667
82,Robert Sullivan,17,Thomasside,Nepali,89,72,77,79.33333333333333
82,Robert Sullivan,17,Thomasside,Math,69,89,60,72.66666666666667
82,Robert Sullivan,17,Thomasside,English,65,63,89,72.33333333333333
82,Robert Sullivan,17,Thomasside,Science,63,99,93,85.0
82,Robert Sullivan,17,Thomasside,History,85,54,92,77.0
82,Robert Sullivan,17,Thomasside,Geography,81,75,61,72.33333333333333
82,Robert Sullivan,17,Thomasside,Computer,84,58,82,74.66666666666667
82,Robert Sullivan,17,Thomasside,Grammer,63,73,60,65.33333333333333
83,Sabrina Garcia,19,Lauratown,Nepali,93,94,50,79.0
83,Sabrina Garcia,19,Lauratown,Math,56,79,72,69.0
83,Sabrina Garcia,19,Lauratown,English,52,77,51,60.0
83,Sabrina Garcia,19,Lauratown,Science,58,50,90,66.0
83,Sabrina Garcia,19,Lauratown,History,80,72,54,68.66666666666667
83,Sabrina Garcia,19,Lauratown,Geography,100,69,86,85.0
83,Sabrina Garcia,19,Lauratown,Computer,75,60,50,61.666666666666664
83,Sabrina Garcia,19,Lauratown,Grammer,52,53,52,52.333333333333336
84,Michelle Novak,15,Emilystad,Nepali,99,88,75,87.33333333333333
84,Michelle Novak,15,Emilystad,Math,81,78,89,82.66666666666667
84,Michelle Novak,15,Emilystad,English,81,52,70,67.66666666666667
84,Michelle Novak,15,Emilystad,Science,85,97,66,82.66666666666667
84,Michelle Novak,15,Emilystad,History,88,70,89,82.33333333333333
84,Michelle Novak,15,Emilystad,Geography,92,88,74,84.66666666666667
84,Michelle Novak,15,Emilystad,Computer,84,90,93,89.0
84,Michelle Novak,15,Emilystad,Grammer,96,72,79,82.33333333333333
85,Kim Potter,15,Samanthafort,Nepali,82,79,72,77.66666666666667
85,Kim Potter,15,Samanthafort,Math,54,89,76,73.0
85,Kim Potter,15,Samanthafort,English,78,57,72,69.0
85,Kim Potter,15,Samanthafort,Science,57,100,90,82.33333333333333
85,Kim Potter,15,Samanthafort,History,53,68,78,66.33333333333333
85,Kim Potter,15,Samanthafort,Geography,69,84,74,75.66666666666667
85,Kim Potter,15,Samanthafort,Computer,75,87,50,70.66666666666667
85,Kim Potter,15,Samanthafort,Grammer,75,67,81,74.33333333333333
86,Jessica Skinner,18,Washingtontown,Nepali,97,95,68,86.66666666666667
86,Jessica Skinner,18,Washingtontown,Math,92,52,84,76.0
86,Jessica Skinner,18,Washingtontown,English,77,87,52,72.0
86,Jessica Skinner,18,Washingtontown,Science,81,63,91,78.33333333333333
86,Jessica Skinner,18,Washingtontown,History,98,54,95,82.33333333333333
86,Jessica Skinner,18,Washingtontown,Geography,97,93,87,92.33333333333333
86,Jessica Skinner,18,Washingtontown,Computer,50,64,68,60.666666666666664
86,Jessica Skinner,18,Washingtontown,Grammer,60,62,90,70.66666666666667
87,Sheila Hall,16,New Rebecca,Nepali,66,63,60,63.0
87,Sheila Hall,16,New Rebecca,Math,88,92,79,86.33333333333333
87,Sheila Hall,16,New Rebecca,English,74,74,77,75.0
87,Sheila Hall,16,New Rebecca,Science,83,56,93,77.33333333333333
87,Sheila Hall,16,New Rebecca,History,56,97,80,77.66666666666667
87,Sheila Hall,16,New Rebecca,Geography,71,86,75,77.33333333333333
87,Sheila Hall,16,New Rebecca,Computer,78,83,98,86.33333333333333
87,Sheila Hall,16,New Rebecca,Grammer,83,53,78,71.33333333333333
88,Timothy Holland,19,East Mariaborough,Nepali,58,90,81,76.33333333333333
88,Timothy Holland,19,East Mariaborough,Math,88,74,75,79.0
88,Timothy Holland,19,East Mariaborough,English,72,60,88,73.33333333333333
88,Timothy Holland,19,East Mariaborough,Science,92,74,100,88.66666666666667
88,Timothy Holland,19,East Mariaborough,History,96,88,68,84.0
88,Timothy Holland,19,East Mariaborough,Geography,80,78,94,84.0
88,Timothy Holland,19,East Mariaborough,Computer,94,74,88,85.33333333333333
88,Timothy Holland,19,East Mariaborough,Grammer,86,98,93,92.33333333333333
89,Dr. Michael Adams,19,New Vickiton,Nepali,52,51,70,57.666666666666664
89,Dr. Michael Adams,19,New Vickiton,Math,90,88,81,86.33333333333333
89,Dr. Michael Adams,19,New Vickiton,English,73,66,89,76.0
89,Dr. Michael Adams,19,New Vickiton,Science,51,57,94,67.33333333333333
89,Dr. Michael Adams,19,New Vickiton,History,71,94,73,79.33333333333333
89,Dr. Michael Adams,19,New Vickiton,Geography,86,91,57,78.0
89,Dr. Michael Adams,19,New Vickiton,Computer,84,73,50,69.0
89,Dr. Michael Adams,19,New Vickiton,Grammer,51,89,50,63.333333333333336
90,John Santiago,17,Nicholasmouth,Nepali,85,69,71,75.0
90,John Santiago,17,Nicholasmouth,Math,87,70,95,84.0
90,John Santiago,17,Nicholasmouth,English,70,95,71,78.66666666666667
90,John Santiago,17,Nicholasmouth,Science,69,76,90,78.33333333333333
90,John Santiago,17,Nicholasmouth,History,79,71,100,83.33333333333333
90,John Santiago,17,Nicholasmouth,Geography,81,95,79,85.0
90,John Santiago,17,Nicholasmouth,Computer,62,50,67,59.666666666666664
90,John Santiago,17,Nicholasmouth,Grammer,58,87,71,72.0
91,Carolyn Oliver,18,Lake Kenneth,Nepali,56,52,58,55.333333333333336
91,Carolyn Oliver,18,Lake Kenneth,Math,55,82,64,67.0
91,Carolyn Oliver,18,Lake Kenneth,English,58,77,73,69.33333333333333
91,Carolyn Oliver,18,Lake Kenneth,Science,69,66,73,69.33333333333333
91,Carolyn Oliver,18,Lake Kenneth,History,67,65,57,63.0
91,Carolyn Oliver,18,Lake Kenneth,Geography,97,92,63,84.0
91,Carolyn Oliver,18,Lake Kenneth,Computer,94,88,56,79.33333333333333
91,Carolyn Oliver,18,Lake Kenneth,Grammer,100,73,71,81.33333333333333
92,James Morris,19,Garciaton,Nepali,81,97,61,79.66666666666667
92,James Morris,19,Garciaton,Math,62,99,53,71.33333333333333
92,James Morris,19,Garciaton,English,64,51,97,70.66666666666667
92,James Morris,19,Garciaton,Science,54,73,58,61.666666666666664
92,James Morris,19,Garciaton,History,82,100,50,77.33333333333333
92,James Morris,19,Garciaton,Geography,60,83,95,79.33333333333333
92,James Morris,19,Garciaton,Computer,69,73,56,66.0
92,James Morris,19,Garciaton,Grammer,93,97,56,82.0
93,Oscar Adkins,16,Riverastad,Nepali,68,75,83,75.33333333333333
93,Oscar Adkins,16,Riverastad,Math,94,96,72,87.33333333333333
93,Oscar Adkins,16,Riverastad,English,85,85,55,75.0
93,Oscar Adkins,16,Riverastad,Science,60,51,69,60.0
93,Oscar Adkins,16,Riverastad,History,76,85,70,77.0
93,Oscar Adkins,16,Riverastad,Geography,79,80,98,85.66666666666667
93,Oscar Adkins,16,Riverastad,Computer,77,53,54,61.333333333333336
93,Oscar Adkins,16,Riverastad,Grammer,72,51,99,74.0
94,Melissa Mccarthy,16,Williamstad,Nepali,95,94,83,90.66666666666667
94,Melissa Mccarthy,16,Williamstad,Math,69,60,85,71.33333333333333
94,Melissa Mccarthy,16,Williamstad,English,77,65,62,68.0
94,Melissa Mccarthy,16,Williamstad,Science,56,73,71,66.66666666666667
94,Melissa Mccarthy,16,Williamstad,History,97,56,81,78.0
94,Melissa Mccarthy,16,Williamstad,Geography,83,84,71,79.33333333333333
94,Melissa Mccarthy,16,Williamstad,Computer,67,54,87,69.33333333333333
94,Melissa Mccarthy,16,Williamstad,Grammer,56,67,64,62.333333333333336
95,Alec Spencer,15,Michellefort,Nepali,71,93,70,78.0
95,Alec Spencer,15,Michellefort,Math,73,88,66,75.66666666666667
95,Alec Spencer,15,Michellefort,English,67,81,87,78.33333333333333
95,Alec Spencer,15,Michellefort,Science,80,67,76,74.33333333333333
95,Alec Spencer,15,Michellefort,History,86,71,71,76.0
95,Alec Spencer,15,Michellefort,Geography,56,99,95,83.33333333333333
95,Alec Spencer,15,Michellefort,Computer,96,91,77,88.0
95,Alec Spencer,15,Michellefort,Grammer,91,99,86,92.0
96,Shelley Alvarez,19,Port Brandi,Nepali,77,73,72,74.0
96,Shelley Alvarez,19,Port Brandi,Math,69,83,89,80.33333333333333
96,Shelley Alvarez,19,Port Brandi,English,72,87,56,71.66666666666667
96,Shelley Alvarez,19,Port Brandi,Science,99,55,62,72.0
96,Shelley Alvarez,19,Port Brandi,History,74,100,57,77.0
96,Shelley Alvarez,19,Port Brandi,Geography,93,98,52,81.0
96,Shelley Alvarez,19,Port Brandi,Computer,55,75,89,73.0
96,Shelley Alvarez,19,Port Brandi,Grammer,71,57,93,73.66666666666667
97,Michelle Hart,18,Shawntown,Nepali,94,85,54,77.66666666666667
97,Michelle Hart,18,Shawntown,Math,70,93,85,82.66666666666667
97,Michelle Hart,18,Shawntown,English,75,82,63,73.33333333333333
97,Michelle Hart,18,Shawntown,Science,53,98,78,76.33333333333333
97,Michelle Hart,18,Shawntown,History,59,83,81,74.33333333333333
97,Michelle Hart,18,Shawntown,Geography,92,68,97,85.66666666666667
97,Michelle Hart,18,Shawntown,Computer,82,78,77,79.0
97,Michelle Hart,18,Shawntown,Grammer,78,51,79,69.33333333333333
98,Erin Warren,15,Glenside,Nepali,72,70,65,69.0
98,Erin Warren,15,Glenside,Math,54,84,90,76.0
98,Erin Warren,15,Glenside,English,91,55,67,71.0
98,Erin Warren,15,Glenside,Science,82,51,94,75.66666666666667
98,Erin Warren,15,Glenside,History,83,74,86,81.0
98,Erin Warren,15,Glenside,Geography,78,88,54,73.33333333333333
98,Erin Warren,15,Glenside,Computer,55,74,89,72.66666666666667
98,Erin Warren,15,Glenside,Grammer,70,55,69,64.66666666666667
99,Jessica Lee,15,Prattfurt,Nepali,95,55,83,77.66666666666667
99,Jessica Lee,15,Prattfurt,Math,72,56,83,70.33333333333333
99,Jessica Lee,15,Prattfurt,English,81,67,54,67.33333333333333
99,Jessica Lee,15,Prattfurt,Science,63,53,72,62.666666666666664
99,Jessica Lee,15,Prattfurt,History,79,69,98,82.0
99,Jessica Lee,15,Prattfurt,Geography,71,64,57,64.0
99,Jessica Lee,15,Prattfurt,Computer,75,88,54,72.33333333333333
99,Jessica Lee,15,Prattfurt,Grammer,98,72,54,74.66666666666667
100,Deanna Norton,18,Port Lauren,Nepali,79,57,81,72.33333333333333
100,Deanna Norton,18,Port Lauren,Math,82,74,93,83.0
100,Deanna Norton,18,Port Lauren,English,58,98,80,78.66666666666667
100,Deanna Norton,18,Port Lauren,Science,62,85,68,71.66666666666667
100,Deanna Norton,18,Port Lauren,History,57,95,63,71.66666666666667
100,Deanna Norton,18,Port Lauren,Geography,100,96,68,88.0
100,Deanna Norton,18,Port Lauren,Computer,77,56,50,61.0
100,Deanna Norton,18,Port Lauren,Grammer,66,60,66,64.0
